abduction,abduction
abelard,abelard
abhidharma,abhidharma
abilities,abilities
abner-burgos,abner-burgos
abrabanel,abrabanel
abstract-objects,abstract-objects
essential-accidental,essential-accidental
action,action
shared-agency,shared-agency
logic-action,logic-action
action-perception,action-perception
qm-action-distance,qm-action-distance
actualism,actualism
adaptationism,adaptationism
addams-jane,addams-jane
adorno,adorno
advance-directives,advance-directives
giles,giles
skepticism-ancient,skepticism-ancient
aesthetic-concept,aesthetic-concept
aesthetics-19th-romantic,aesthetics-19th-romantic
aesthetic-judgment,aesthetic-judgment
beardsley-aesthetics,beardsley-aesthetics
aesthetics-18th-british,aesthetics-18th-british
collingwood-aesthetics,collingwood-aesthetics
croce-aesthetics,croce-aesthetics
art-definition,art-definition
dewey-aesthetics,dewey-aesthetics
environmental-aesthetics,environmental-aesthetics
aesthetics-existentialist,aesthetics-existentialist
feminism-aesthetics,feminism-aesthetics
aesthetics-18th-french,aesthetics-18th-french
gadamer-aesthetics,gadamer-aesthetics
aesthetics-18th-german,aesthetics-18th-german
goodman-aesthetics,goodman-aesthetics
hegel-aesthetics,hegel-aesthetics
heidegger-aesthetics,heidegger-aesthetics
hume-aesthetics,hume-aesthetics
japanese-aesthetics,japanese-aesthetics
plato-aesthetics,plato-aesthetics
schopenhauer-aesthetics,schopenhauer-aesthetics
wittgenstein-aesthetics,wittgenstein-aesthetics
aesthetics-of-everyday,aesthetics-of-everyday
affirmative-action,affirmative-action
africana,africana
african-ethics,african-ethics
african-sage,african-sage
afterlife,afterlife
agency,agency
shared-agency,shared-agency
reasons-agent,reasons-agent
atheism-agnosticism,atheism-agnosticism
skepticism-ancient,skepticism-ancient
agrippa-nettesheim,agrippa-nettesheim
akan-person,akan-person
weakness-will,weakness-will
al-baghdadi,al-baghdadi
al-farabi,al-farabi
al-farabi-soc-rel,al-farabi-soc-rel
al-farabi-psych,al-farabi-psych
al-ghazali,al-ghazali
al-kindi,al-kindi
albert-saxony,albert-saxony
albert-great,albert-great
albo-joseph,albo-joseph
alcmaeon,alcmaeon
alexander,alexander
alexander-aphrodisias,alexander-aphrodisias
algebra,algebra
algebra-logic-tradition,algebra-logic-tradition
althusser,althusser
altruism,altruism
altruism-biological,altruism-biological
alyngton,alyngton
ambiguity,ambiguity
ammonius,ammonius
plotinus,plotinus
analogy-medieval,analogy-medieval
reasoning-analogy,reasoning-analogy
analysis,analysis
analytic-synthetic,analytic-synthetic
anaphora,anaphora
anaxagoras,anaxagoras
pyrrho,pyrrho
anderson-john,anderson-john
aristotle-commentators,aristotle-commentators
consciousness-animal,consciousness-animal
animalism,animalism
moral-animal,moral-animal
anomalous-monism,anomalous-monism
anscombe,anscombe
anselm,anselm
moral-anti-realism,moral-anti-realism
antiochus-ascalon,antiochus-ascalon
apriori,apriori
perception-episprob,perception-episprob
skepticism,skepticism
apriori,apriori
aquinas,aquinas
aquinas-moral-political,aquinas-moral-political
arabic-islamic-metaphysics,arabic-islamic-metaphysics
arabic-islamic-natural,arabic-islamic-natural
arabic-islamic-language,arabic-islamic-language
arabic-islamic-mind,arabic-islamic-mind
arabic-islamic-greek,arabic-islamic-greek
arabic-islamic-judaic,arabic-islamic-judaic
arabic-islamic-influence,arabic-islamic-influence
ibn-kammuna,ibn-kammuna
ikhwan-al-safa,ikhwan-al-safa
arabic-islamic-mysticism,arabic-islamic-mysticism
arcesilaus,arcesilaus
architecture,architecture
archytas,archytas
arendt,arendt
ethics-ancient,ethics-ancient
epistemic-utility,epistemic-utility
aristotle-commentators,aristotle-commentators
aristotelianism-renaissance,aristotelianism-renaissance
aristotle,aristotle
aristotle-commentators,aristotle-commentators
alexander-aphrodisias,alexander-aphrodisias
ammonius,ammonius
david,david
elias,elias
olympiodorus,olympiodorus
philoponus,philoponus
aristotle-biology,aristotle-biology
aristotle-categories,aristotle-categories
aristotle-ethics,aristotle-ethics
aristotle-logic,aristotle-logic
aristotle-metaphysics,aristotle-metaphysics
aristotle-politics,aristotle-politics
aristotle-psychology,aristotle-psychology
aristotle-rhetoric,aristotle-rhetoric
aristotle-causality,aristotle-causality
aristotle-mathematics,aristotle-mathematics
aristotle-natphil,aristotle-natphil
aristotle-noncontradiction,aristotle-noncontradiction
arnauld,arnauld
voltaire,voltaire
arrows-theorem,arrows-theorem
erotic-art,erotic-art
conceptual-art,conceptual-art
art-definition,art-definition
artifact,artifact
reasoning-automated,reasoning-automated
formal-belief,formal-belief
chinese-room,chinese-room
connectionism,connectionism
reasoning-defeasible,reasoning-defeasible
frame-problem,frame-problem
logic-ai,logic-ai
turing-test,turing-test
tense-aspect,tense-aspect
assertion,assertion
associationist-thought,associationist-thought
astell,astell
atheism-agnosticism,atheism-agnosticism
atomism-modern,atomism-modern
atomism-ancient,atomism-ancient
attention,attention
properties,properties
perception-auditory,perception-auditory
augustine,augustine
auriol,auriol
austin-john,austin-john
austin-jl,austin-jl
authenticity,authenticity
authority,authority
legal-obligation,legal-obligation
reasoning-automated,reasoning-automated
informed-consent,informed-consent
autonomy-moral,autonomy-moral
personal-autonomy,personal-autonomy
ibn-gabirol,ibn-gabirol
ibn-sina,ibn-sina
ibn-sina-metaphysics,ibn-sina-metaphysics
ibn-sina-natural,ibn-sina-natural
bodily-awareness,bodily-awareness
ayer,ayer
francis-bacon,francis-bacon
roger-bacon,roger-bacon
scottish-19th,scottish-19th
basing-epistemic,basing-epistemic
baudrillard,baudrillard
bauer,bauer
bayes-theorem,bayes-theorem
bayle,bayle
beardsley-aesthetics,beardsley-aesthetics
scottish-18th,scottish-18th
beauty,beauty
beauvoir,beauvoir
behaviorism,behaviorism
existence,existence
time,time
spacetime-bebecome,spacetime-bebecome
belief,belief
ethics-belief,ethics-belief
formal-belief,formal-belief
belief-merging,belief-merging
bell-theorem,bell-theorem
principle-beneficence,principle-beneficence
benjamin,benjamin
bentham,bentham
bergson,bergson
berkeley,berkeley
berlin,berlin
implicit-bias,implicit-bias
binarium,binarium
biodiversity,biodiversity
information-biological,information-biological
conservation-biology,conservation-biology
biology-developmental,biology-developmental
biology-experiment,biology-experiment
molecular-biology,molecular-biology
biology-individual,biology-individual
biology-philosophy,biology-philosophy
reduction-biology,reduction-biology
teleology-biology,teleology-biology
feminist-philosophy-biology,feminist-philosophy-biology
scottish-18th,scottish-18th
blame,blame
bodily-awareness,bodily-awareness
bodin,bodin
substance,substance
boethius,boethius
bohr-correspondence,bohr-correspondence
bolzano,bolzano
bolzano-logic,bolzano-logic
bonaventure,bonaventure
boole,boole
boolalg-math,boolalg-math
bosanquet,bosanquet
boundary,boundary
boyle,boyle
bradley,bradley
bradley-moral-political,bradley-moral-political
death-definition,death-definition
skepticism-content-externalism,skepticism-content-externalism
brentano,brentano
brentano-judgement,brentano-judgement
broad,broad
brouwer,brouwer
scottish-19th,scottish-19th
buber,buber
buddha,buddha
ethics-indian-buddhism,ethics-indian-buddhism
mind-indian-buddhism,mind-indian-buddhism
japanese-zen,japanese-zen
buddhism-chan,buddhism-chan
buddhism-tiantai,buddhism-tiantai
substance,substance
buridan,buridan
burke,burke
burley,burley
scottish-18th,scottish-18th
butler-moral,butler-moral
byzantine-philosophy,byzantine-philosophy
scottish-19th,scottish-19th
callicles-thrasymachus,callicles-thrasymachus
cambridge-platonists,cambridge-platonists
campanella,campanella
scottish-18th,scottish-18th
camus,camus
capability-approach,capability-approach
cardano,cardano
scottish-18th,scottish-18th
carneades,carneades
cassirer,cassirer
reasoning-moral,reasoning-moral
categories,categories
medieval-categories,medieval-categories
category-theory,category-theory
determinism-causal,determinism-causal
causation-backwards,causation-backwards
causation-process,causation-process
causation-counterfactual,causation-counterfactual
arabic-islamic-causation,arabic-islamic-causation
causation-law,causation-law
causation-mani,causation-mani
causation-medieval,causation-medieval
mental-causation,mental-causation
causation-metaphysics,causation-metaphysics
causation-probabilistic,causation-probabilistic
margaret-cavendish,margaret-cavendish
cellular-automata,cellular-automata
pornography-censorship,pornography-censorship
certainty,certainty
ceteris-paribus,ceteris-paribus
chance-randomness,chance-randomness
change,change
chaos,chaos
moral-character,moral-character
moral-character-empirical,moral-character-empirical
emilie-du-chatelet,emilie-du-chatelet
walter-chatton,walter-chatton
chemistry,chemistry
childhood,childhood
children,children
philosophy-chile,philosophy-chile
chimeras,chimeras
ethics-chinese,ethics-chinese
buddhism-chan,buddhism-chan
chinese-phil-medicine,chinese-phil-medicine
confucius,confucius
daoism,daoism
chinese-epistemology,chinese-epistemology
ethics-chinese,ethics-chinese
laozi,laozi
chinese-legalism,chinese-legalism
chinese-logic-language,chinese-logic-language
mencius,mencius
chinese-metaphysics,chinese-metaphysics
mohism,mohism
mohist-canons,mohist-canons
neo-daoism,neo-daoism
chinese-phil-science,chinese-phil-science
chinese-social-political,chinese-social-political
buddhism-tiantai,buddhism-tiantai
chinese-translate-interpret,chinese-translate-interpret
wang-yangming,wang-yangming
zhuangzi,zhuangzi
zhu-xi,zhu-xi
chinese-room,chinese-room
chisholm,chisholm
axiom-choice,axiom-choice
dynamic-choice,dynamic-choice
social-choice,social-choice
christiantheology-philosophy,christiantheology-philosophy
church-turing,church-turing
church-turing,church-turing
citizenship,citizenship
civic-education,civic-education
humanism-civic,humanism-civic
civil-disobedience,civil-disobedience
civil-rights,civil-rights
clarke,clarke
doxography-ancient,doxography-ancient
clinical-research,clinical-research
cloning,cloning
cockburn,cockburn
coercion,coercion
embodied-cognition,embodied-cognition
cognition-animal,cognition-animal
cognitive-disability,cognitive-disability
cognitive-science,cognitive-science
moral-cognitivism,moral-cognitivism
cohen,cohen
collingwood,collingwood
collingwood-aesthetics,collingwood-aesthetics
collins,collins
colonialism,colonialism
color,color
common-knowledge,common-knowledge
communitarianism,communitarianism
comparphil-chiwes,comparphil-chiwes
compatibilism,compatibilism
decision-capacity,decision-capacity
computability,computability
computational-complexity,computational-complexity
problem-of-many,problem-of-many
compositionality,compositionality
computability,computability
computation-physicalsystems,computation-physicalsystems
computational-complexity,computational-complexity
computational-linguistics,computational-linguistics
computational-mind,computational-mind
ethics-computer,ethics-computer
computer-science,computer-science
computing-history,computing-history
computing-responsibility,computing-responsibility
comte,comte
concepts,concepts
condemnation,condemnation
condillac,condillac
conditionals,conditionals
logic-conditionals,logic-conditionals
histfem-condorcet,histfem-condorcet
confirmation,confirmation
japanese-confucian,japanese-confucian
mencius,mencius
wang-yangming,wang-yangming
xunzi,xunzi
zhu-xi,zhu-xi
confucius,confucius
connectionism,connectionism
connectives-logic,connectives-logic
conscience,conscience
conscience-medieval,conscience-medieval
consciousness,consciousness
consciousness-animal,consciousness-animal
consciousness-higher,consciousness-higher
consciousness-intentionality,consciousness-intentionality
consciousness-representational,consciousness-representational
consciousness-17th,consciousness-17th
consciousness-temporal,consciousness-temporal
consciousness-unity,consciousness-unity
political-obligation,political-obligation
consequence-medieval,consequence-medieval
consequentialism,consequentialism
consequentialism-rule,consequentialism-rule
conservation-biology,conservation-biology
conservatism,conservatism
constitutionalism,constitutionalism
constructive-empiricism,constructive-empiricism
constructivism-metaethics,constructivism-metaethics
contextualism-epistemology,contextualism-epistemology
continental-rationalism,continental-rationalism
continuity,continuity
continuum-hypothesis,continuum-hypothesis
contractarianism,contractarianism
contracts-theories,contracts-theories
contractualism,contractualism
contradiction,contradiction
convention,convention
conway,conway
anna-julia-cooper,anna-julia-cooper
copernicus,copernicus
cordemoy,cordemoy
corruption,corruption
cosmological-argument,cosmological-argument
cosmology-30s,cosmology-30s
cosmology-theology,cosmology-theology
cosmopolitanism,cosmopolitanism
possible-objects,possible-objects
crathorn,crathorn
creation-conservation,creation-conservation
creationism,creationism
crescas,crescas
criminal-law,criminal-law
critical-theory,critical-theory
croce-aesthetics,croce-aesthetics
alexander-crummell,alexander-crummell
cambridge-platonists,cambridge-platonists
evolution-cultural,evolution-cultural
culture-cogsci,culture-cogsci
cambridge-platonists,cambridge-platonists
curry-paradox,curry-paradox
cusanus,cusanus
peter-damian,peter-damian
dance,dance
dante,dante
daoism,daoism
laozi,laozi
neo-daoism,neo-daoism
daoism-religion,daoism-religion
zhuangzi,zhuangzi
darwinism,darwinism
heidegger,heidegger
abraham-daud,abraham-daud
david,david
davidson,davidson
death,death
death-definition,death-definition
beauvoir,beauvoir
lying-definition,lying-definition
self-deception,self-deception
decision-capacity,decision-capacity
decision-theory,decision-theory
decision-causal,decision-causal
rationality-normative-utility,rationality-normative-utility
dedekind-foundations,dedekind-foundations
defaults-semantics-pragmatics,defaults-semantics-pragmatics
definitions,definitions
deleuze,deleuze
delmedigo,delmedigo
delusion,delusion
pseudo-science,pseudo-science
democracy,democracy
global-democracy,global-democracy
democritus,democritus
aristotle-logic,aristotle-logic
demonstration-medieval,demonstration-medieval
indexicals,indexicals
reference,reference
ethics-deontological,ethics-deontological
dependence-ontological,dependence-ontological
derrida,derrida
descartes,descartes
descartes-epistemology,descartes-epistemology
descartes-ethics,descartes-ethics
descartes-works,descartes-works
descartes-mathematics,descartes-mathematics
descartes-modal,descartes-modal
descartes-ontological,descartes-ontological
descartes-physics,descartes-physics
pineal-gland,pineal-gland
emotions-17th18th,emotions-17th18th
descartes-ideas,descartes-ideas
descriptions,descriptions
desert,desert
desgabets,desgabets
teleological-arguments,teleological-arguments
desire,desire
determinate-determinables,determinate-determinables
determinism-causal,determinism-causal
biology-developmental,biology-developmental
epigenesis,epigenesis
dewey-aesthetics,dewey-aesthetics
dewey-moral,dewey-moral
dewey-political,dewey-political
dharmakiirti,dharmakiirti
diagrams,diagrams
epistemology-visual-thinking,epistemology-visual-thinking
dialectical-school,dialectical-school
hegel-dialectics,hegel-dialectics
dialetheism,dialetheism
dietrich-freiberg,dietrich-freiberg
digital-art,digital-art
dilthey,dilthey
diodorus-cronus,diodorus-cronus
doxography-ancient,doxography-ancient
pseudo-dionysius-areopagite,pseudo-dionysius-areopagite
dirty-hands,dirty-hands
disability,disability
feminism-disability,feminism-disability
disability-health,disability-health
disability-care-rationing,disability-care-rationing
disability-justice,disability-justice
discourse-representation-theory,discourse-representation-theory
discrimination,discrimination
health-disease,health-disease
disjunction,disjunction
dispositions,dispositions
sophists,sophists
justice-distributive,justice-distributive
justice-moral-psych,justice-moral-psych
international-justice,international-justice
religious-pluralism,religious-pluralism
voluntarism-theological,voluntarism-theological
concepts-god,concepts-god
free-will-foreknowledge,free-will-foreknowledge
divine-freedom,divine-freedom
divine-hiddenness,divine-hiddenness
illumination,illumination
providence-divine,providence-divine
divine-simplicity,divine-simplicity
doing-allowing,doing-allowing
marriage,marriage
organ-donation,organ-donation
double-consciousness,double-consciousness
double-effect,double-effect
frederick-douglass,frederick-douglass
doxography-ancient,doxography-ancient
dreams-dreaming,dreams-dreaming
dualism,dualism
duhem,duhem
scottish-18th,scottish-18th
duns-scotus,duns-scotus
dutch-book,dutch-book
dynamic-epistemic,dynamic-epistemic
dynamic-semantics,dynamic-semantics
early-modern-india,early-modern-india
meister-eckhart,meister-eckhart
ecology,ecology
biodiversity,biodiversity
conservation-biology,conservation-biology
economics,economics
economic-justice,economic-justice
education-philosophy,education-philosophy
edwards,edwards
egalitarianism,egalitarianism
egoism,egoism
ehrenfels,ehrenfels
spacetime-holearg,spacetime-holearg
einstein-philscience,einstein-philscience
elias,elias
elisabeth-bohemia,elisabeth-bohemia
properties-emergent,properties-emergent
emerson,emerson
emotion,emotion
emotions-17th18th,emotions-17th18th
emotion-Christian-tradition,emotion-Christian-tradition
empathy,empathy
empedocles,empedocles
moral-character-empirical,moral-character-empirical
rationalism-empiricism,rationalism-empiricism
constructive-empiricism,constructive-empiricism
logical-empiricism,logical-empiricism
enlightenment,enlightenment
logical-consequence,logical-consequence
information-entropy,information-entropy
envy,envy
epictetus,epictetus
epicurus,epicurus
epiphenomenalism,epiphenomenalism
episteme-techne,episteme-techne
basing-epistemic,basing-epistemic
closure-epistemic,closure-epistemic
epistemic-paradoxes,epistemic-paradoxes
epistemic-utility,epistemic-utility
epistemology,epistemology
epistemology-bayesian,epistemology-bayesian
contextualism-epistemology,contextualism-epistemology
epistemology-evolutionary,epistemology-evolutionary
feminism-epistemology,feminism-epistemology
epistemology-india,epistemology-india
moral-epistemology,moral-epistemology
moral-epistemology-a-priori,moral-epistemology-a-priori
epistemology-naturalized,epistemology-naturalized
reliabilism,reliabilism
epistemology-social,epistemology-social
feminist-social-epistemology,feminist-social-epistemology
epistemology-virtue,epistemology-virtue
formal-epistemology,formal-epistemology
epsilon-calculus,epsilon-calculus
equality,equality
equal-opportunity,equal-opportunity
equivME,equivME
erasmus,erasmus
ergodic-hierarchy,ergodic-hierarchy
scottus-eriugena,scottus-eriugena
real-essence,real-essence
essential-accidental,essential-accidental
essential-accidental,essential-accidental
eternity,eternity
ethics-ancient,ethics-ancient
ethics-belief,ethics-belief
ethics-business,ethics-business
ethics-chinese,ethics-chinese
ethics-computer,ethics-computer
ethics-deontological,ethics-deontological
ethics-environmental,ethics-environmental
feminism-ethics,feminism-ethics
ethics-indian-buddhism,ethics-indian-buddhism
ethics-internet-research,ethics-internet-research
natural-law-ethics,natural-law-ethics
identity-ethics,identity-ethics
ethics-search,ethics-search
ethics-social-networking,ethics-social-networking
thick-ethical-concepts,thick-ethical-concepts
consequentialism,consequentialism
ethics-virtue,ethics-virtue
african-ethics,african-ethics
ethics-it-phenomenology,ethics-it-phenomenology
advance-directives,advance-directives
chimeras,chimeras
clinical-research,clinical-research
cloning,cloning
decision-capacity,decision-capacity
disability,disability
health-disease,health-disease
organ-donation,organ-donation
enhancement,enhancement
informed-consent,informed-consent
justice-inequality-health,justice-inequality-health
justice-healthcareaccess,justice-healthcareaccess
ethics-pregnancy,ethics-pregnancy
privacy-medicine,privacy-medicine
publichealth-ethics,publichealth-ethics
organs-sale,organs-sale
stem-cells,stem-cells
theory-bioethics,theory-bioethics
ethics-ancient,ethics-ancient
eugenics,eugenics
euthanasia-voluntary,euthanasia-voluntary
events,events
evidence,evidence
evidence-legal,evidence-legal
confirmation,confirmation
concept-evil,concept-evil
evil,evil
evolution-to-1872,evolution-to-1872
evolution-cultural,evolution-cultural
morality-biology,morality-biology
game-evolutionary,game-evolutionary
evolutionary-psychology,evolutionary-psychology
existence,existence
existentialism,existentialism
aesthetics-existentialist,aesthetics-existentialist
experimental-moral,experimental-moral
biology-experiment,biology-experiment
physics-experiment,physics-experiment
mathematics-explanation,mathematics-explanation
scientific-explanation,scientific-explanation
exploitation,exploitation
self-knowledge-externalism,self-knowledge-externalism
intrinsic-extrinsic,intrinsic-extrinsic
ibn-ezra,ibn-ezra
facts,facts
faith,faith
falaquera,falaquera
fallacies,fallacies
fatalism,fatalism
federalism,federalism
feigl,feigl
margaret-fell,margaret-fell
feminism-approaches,feminism-approaches
femapproach-analytic,femapproach-analytic
femapproach-continental,femapproach-continental
femapproach-analy-cont,femapproach-analy-cont
femapproach-prag-cont,femapproach-prag-cont
femapproach-pragmatism,femapproach-pragmatism
feminism-psychoanalysis,feminism-psychoanalysis
feminism-aesthetics,feminism-aesthetics
feminist-bioethics,feminist-bioethics
feminism-environmental,feminism-environmental
feminism-epistemology,feminism-epistemology
feminism-ethics,feminism-ethics
feminism-femhist,feminism-femhist
feminism-liberal,feminism-liberal
feminism-metaphysics,feminism-metaphysics
feminism-moralpsych,feminism-moralpsych
feminist-philosophy-biology,feminist-philosophy-biology
feminism-language,feminism-language
feminism-law,feminism-law
feminist-religion,feminist-religion
feminism-political,feminism-political
feminist-social-epistemology,feminist-social-epistemology
feminism-topics,feminism-topics
feminism-autonomy,feminism-autonomy
feminism-class,feminism-class
feminism-disability,feminism-disability
feminism-globalization,feminism-globalization
feminism-objectification,feminism-objectification
feminist-power,feminist-power
feminism-rape,feminism-rape
feminism-family,feminism-family
feminist-science,feminist-science
feminism-gender,feminism-gender
feminist-sex-markets,feminist-sex-markets
feminist-body,feminist-body
feminism-self,feminism-self
feminism-trans,feminism-trans
scottish-18th,scottish-18th
scottish-19th,scottish-19th
ludwig-feuerbach,ludwig-feuerbach
feyerabend,feyerabend
johann-fichte,johann-fichte
ficino,ficino
fiction,fiction
fictionalism,fictionalism
fictionalism-mathematics,fictionalism-mathematics
fictionalism-modal,fictionalism-modal
fideism,fideism
film,film
fitch-paradox,fitch-paradox
fitness,fitness
fitting-attitude-theories,fitting-attitude-theories
fitzralph,fitzralph
fleck,fleck
folkpsych-simulation,folkpsych-simulation
folkpsych-theory,folkpsych-theory
free-will-foreknowledge,free-will-foreknowledge
forgiveness,forgiveness
formal-epistemology,formal-epistemology
formalism-mathematics,formalism-mathematics
formal-belief,formal-belief
plato-metaphysics,plato-metaphysics
form-matter,form-matter
foucault,foucault
temporal-parts,temporal-parts
frame-problem,frame-problem
francis-marchia,francis-marchia
divine-freedom,divine-freedom
liberty-positive-negative,liberty-positive-negative
freedom-speech,freedom-speech
free-rider,free-rider
freewill,freewill
incompatibilism-theories,incompatibilism-theories
free-will-foreknowledge,free-will-foreknowledge
frege,frege
frege-hilbert,frege-hilbert
frege-theorem,frege-theorem
friendship,friendship
teleology-biology,teleology-biology
recursive-functions,recursive-functions
functionalism,functionalism
future-contingents,future-contingents
medieval-futcont,medieval-futcont
gadamer,gadamer
gadamer-aesthetics,gadamer-aesthetics
galen,galen
galileo,galileo
games-abstraction,games-abstraction
logic-games,logic-games
game-theory,game-theory
epistemic-game,epistemic-game
game-ethics,game-ethics
game-evolutionary,game-evolutionary
gassendi,gassendi
gelukpa,gelukpa
gene,gene
generalized-quantifiers,generalized-quantifiers
genrel-early,genrel-early
generics,generics
genetic-drift,genetic-drift
evolutionary-genetics,evolutionary-genetics
genotype-phenotype,genotype-phenotype
molecular-genetics,molecular-genetics
population-genetics,population-genetics
genomics,genomics
epistemology-geometry,epistemology-geometry
geometry-finitism,geometry-finitism
geometry-19th,geometry-19th
scottish-18th,scottish-18th
18thGerman-preKant,18thGerman-preKant
gersonides,gersonides
giles,giles
justep-foundational,justep-foundational
global-democracy,global-democracy
globalization,globalization
justice-global,justice-global
concepts-god,concepts-god
god-necessary-being,god-necessary-being
pragmatic-belief-god,pragmatic-belief-god
cosmological-argument,cosmological-argument
descartes-ontological,descartes-ontological
moral-arguments-god,moral-arguments-god
ontological-arguments,ontological-arguments
teleological-arguments,teleological-arguments
godfrey,godfrey
godwin,godwin
goedel,goedel
goedel-incompleteness,goedel-incompleteness
goodman,goodman
goodman-aesthetics,goodman-aesthetics
perfect-goodness,perfect-goodness
gorampa,gorampa
typelogical-grammar,typelogical-grammar
typelogical-grammar,typelogical-grammar
gratitude,gratitude
green,green
gregory-rimini,gregory-rimini
grice,grice
grosseteste,grosseteste
grotius,grotius
grounding,grounding
rights-group,rights-group
habermas,habermas
haecceitism,haecceitism
substance,substance
medieval-haecceity,medieval-haecceity
halevi,halevi
hamann,hamann
scottish-19th,scottish-19th
happiness,happiness
hare,hare
hartley,hartley
nicolai-hartmann,nicolai-hartmann
hartshorne,hartshorne
friedrich-hayek,friedrich-hayek
health-disease,health-disease
heaven-hell,heaven-hell
hedonism,hedonism
hegel,hegel
hegel-aesthetics,hegel-aesthetics
hegel-dialectics,hegel-dialectics
heidegger,heidegger
heidegger-aesthetics,heidegger-aesthetics
heaven-hell,heaven-hell
hermann-helmholtz,hermann-helmholtz
hempel,hempel
michel-henry,michel-henry
henry-ghent,henry-ghent
heraclitus,heraclitus
johann-herbart,johann-herbart
herder,herder
heredity,heredity
inheritance-systems,inheritance-systems
hermeneutics,hermeneutics
heytesbury,heytesbury
divine-hiddenness,divine-hiddenness
frege-hilbert,frege-hilbert
hilbert-program,hilbert-program
sophists,sophists
history,history
hobbes,hobbes
hobbes-moral,hobbes-moral
emotions-17th18th,emotions-17th18th
holbach,holbach
holes,holes
holkot,holkot
scottish-18th,scottish-18th
homosexuality,homosexuality
sidney-hook,sidney-hook
hope,hope
horkheimer,horkheimer
enhancement,enhancement
human-genome,human-genome
humanism-civic,humanism-civic
rights-human,rights-human
clinical-research,clinical-research
wilhelm-humboldt,wilhelm-humboldt
hume,hume
hume-aesthetics,hume-aesthetics
kant-hume-causality,kant-hume-causality
kant-hume-morality,kant-hume-morality
hume-moral,hume-moral
hume-newton,hume-newton
hume-freewill,hume-freewill
hume-religion,hume-religion
emotions-17th18th,emotions-17th18th
humor,humor
husserl,husserl
scottish-18th,scottish-18th
emotions-17th18th,emotions-17th18th
scottish-18th,scottish-18th
logic-hybrid,logic-hybrid
ibn-arabi,ibn-arabi
ibn-bajja,ibn-bajja
abraham-daud,abraham-daud
ibn-ezra,ibn-ezra
falaquera,falaquera
ibn-gabirol,ibn-gabirol
ibn-kammuna,ibn-kammuna
ibn-sina,ibn-sina
ibn-sina-metaphysics,ibn-sina-metaphysics
ibn-sina-natural,ibn-sina-natural
tibbon,tibbon
idealism,idealism
identity,identity
identity-indiscernible,identity-indiscernible
identity-time,identity-time
identity-personal,identity-personal
identity-relative,identity-relative
identity-transworld,identity-transworld
identity-politics,identity-politics
mind-identity,mind-identity
law-ideology,law-ideology
idiolects,idiolects
ikhwan-al-safa,ikhwan-al-safa
mental-imagery,mental-imagery
imagination,imagination
turing-test,turing-test
immigration,immigration
afterlife,afterlife
immunology,immunology
immutability,immutability
impartiality,impartiality
implicature,implicature
implicature-optimality-games,implicature-optimality-games
implicit-bias,implicit-bias
impossible-worlds,impossible-worlds
incommensurability,incommensurability
value-incommensurable,value-incommensurable
value-incommensurable,value-incommensurable
incompatibilism-theories,incompatibilism-theories
incompatibilism-arguments,incompatibilism-arguments
indexicals,indexicals
concept-emotion-india,concept-emotion-india
epistemology-india,epistemology-india
language-india,language-india
literal-nonliteral-india,literal-nonliteral-india
logic-india,logic-india
naturalism-india,naturalism-india
perception-india,perception-india
biology-individual,biology-individual
methodological-individualism,methodological-individualism
induction-problem,induction-problem
logic-inductive,logic-inductive
equality,equality
spacetime-iframes,spacetime-iframes
abduction,abduction
continuity,continuity
logic-informal,logic-informal
information,information
information-biological,information-biological
logic-information,logic-information
qt-entangle,qt-entangle
information-semantic,information-semantic
information-entropy,information-entropy
it-moral-values,it-moral-values
ethics-it-phenomenology,ethics-it-phenomenology
it-privacy,it-privacy
informed-consent,informed-consent
ingarden,ingarden
substance,substance
inheritance-systems,inheritance-systems
innate-acquired,innate-acquired
innateness-cognition,innateness-cognition
innateness-history,innateness-history
innateness-language,innateness-language
insolubles,insolubles
rationality-instrumental,rationality-instrumental
integrity,integrity
creationism,creationism
intensional-trans-verbs,intensional-trans-verbs
intention,intention
intentionality,intentionality
collective-intentionality,collective-intentionality
consciousness-intentionality,consciousness-intentionality
intentionality-ancient,intentionality-ancient
phenomenal-intentionality,phenomenal-intentionality
reasons-internal-external,reasons-internal-external
ethics-internet-research,ethics-internet-research
intrinsic-extrinsic,intrinsic-extrinsic
introspection,introspection
intuition,intuition
intuitionism-ethics,intuitionism-ethics
intuitionism,intuitionism
logic-intuitionistic,logic-intuitionistic
intuitionistic-logic-development,intuitionistic-logic-development
type-theory-intuitionistic,type-theory-intuitionistic
qualia-inverted,qualia-inverted
israeli,israeli
friedrich-jacobi,friedrich-jacobi
james,james
james-viterbo,james-viterbo
japanese-aesthetics,japanese-aesthetics
japanese-confucian,japanese-confucian
kokugaku-school,kokugaku-school
kukai,kukai
kyoto-school,kyoto-school
nishida-kitaro,nishida-kitaro
japanese-pure-land,japanese-pure-land
watsuji-tetsuro,watsuji-tetsuro
japanese-zen,japanese-zen
jaspers,jaspers
jayaraasi,jayaraasi
jefferson,jefferson
william-jevons,william-jevons
john-salisbury,john-salisbury
emily-elizabeth-constance-jones,emily-elizabeth-constance-jones
halevi,halevi
aesthetic-judgment,aesthetic-judgment
belief-merging,belief-merging
justice-healthcareaccess,justice-healthcareaccess
justice-bad-luck,justice-bad-luck
disability-justice,disability-justice
justice-distributive,justice-distributive
justice-moral-psych,justice-moral-psych
economic-justice,economic-justice
justice-global,justice-global
justice-inequality-health,justice-inequality-health
justice-intergenerational,justice-intergenerational
international-justice,international-justice
justice-retributive,justice-retributive
justice-transitional,justice-transitional
justice-virtue,justice-virtue
apriori,apriori
justep-coherence,justep-coherence
justep-foundational,justep-foundational
justep-intext,justep-intext
reliabilism,reliabilism
transmission-justification-warrant,transmission-justification-warrant
justification-public,justification-public
kant-transcendental-idealism,kant-transcendental-idealism
kant,kant
kant-reason,kant-reason
kant-aesthetics,kant-aesthetics
kant-metaphysics,kant-metaphysics
kant-hume-causality,kant-hume-causality
kant-hume-morality,kant-hume-morality
kant-leibniz,kant-leibniz
kant-moral,kant-moral
kant-development,kant-development
kant-mathematics,kant-mathematics
kant-religion,kant-religion
kant-science,kant-science
kant-social-political,kant-social-political
kant-judgment,kant-judgment
kant-transcendental,kant-transcendental
kant-mind,kant-mind
kant-spacetime,kant-spacetime
kaspi-joseph,kaspi-joseph
kepler,kepler
kierkegaard,kierkegaard
doing-allowing,doing-allowing
kilvington,kilvington
robert-kilwardby,robert-kilwardby
knowledge-analysis,knowledge-analysis
apriori,apriori
knowledge-acquaindescrip,knowledge-acquaindescrip
self-knowledge,self-knowledge
knowledge-value,knowledge-value
knowledge-how,knowledge-how
kochen-specker,kochen-specker
thomas-kuhn,thomas-kuhn
kukai,kukai
kumaarila,kumaarila
lacan,lacan
la-forge,la-forge
lakatos,lakatos
lambda-calculus,lambda-calculus
friedrich-lange,friedrich-lange
language-thought,language-thought
laozi,laozi
large-cardinals-determinacy,large-cardinals-determinacy
latin-american-philosophy,latin-american-philosophy
liberalism-latin-america,liberalism-latin-america
latin-american-metaphilosophy,latin-american-metaphilosophy
phil-science-latin-america,phil-science-latin-america
skepticism-latin-america,skepticism-latin-america
law-ideology,law-ideology
law-language,law-language
law-limits,law-limits
natural-law-theories,natural-law-theories
rule-of-law,rule-of-law
laws-of-nature,laws-of-nature
ceteris-paribus,ceteris-paribus
learning-formal,learning-formal
lefevre-etaples,lefevre-etaples
legal-obligation,legal-obligation
legal-econanalysis,legal-econanalysis
legal-positivism,legal-positivism
legal-punishment,legal-punishment
legal-reas-interpret,legal-reas-interpret
legal-reas-prec,legal-reas-prec
legal-rights,legal-rights
legitimacy,legitimacy
legrand,legrand
leibniz,leibniz
leibniz-ethics,leibniz-ethics
leibniz-exoteric,leibniz-exoteric
leibniz-logic-influence,leibniz-logic-influence
leibniz-modal,leibniz-modal
leibniz-causation,leibniz-causation
leibniz-evil,leibniz-evil
leibniz-mind,leibniz-mind
leibniz-physics,leibniz-physics
leibowitz-yeshayahu,leibowitz-yeshayahu
abrabanel,abrabanel
lesniewski,lesniewski
leucippus,leucippus
levinas,levinas
lewis-ci,lewis-ci
david-lewis,david-lewis
lewis-metaphysics,lewis-metaphysics
liar-paradox,liar-paradox
feminism-liberal,feminism-liberal
liberalism,liberalism
liberalism-latin-america,liberalism-latin-america
liberation,liberation
libertarianism,libertarianism
liberty-positive-negative,liberty-positive-negative
life,life
life-meaning,life-meaning
husserl,husserl
law-limits,law-limits
logic-linear,logic-linear
computational-linguistics,computational-linguistics
linguistics,linguistics
justus-lipsius,justus-lipsius
advance-directives,advance-directives
llull,llull
location-mereology,location-mereology
alain-locke,alain-locke
locke,locke
locke-moral,locke-moral
locke-freedom,locke-freedom
real-essence,real-essence
locke-philosophy-science,locke-philosophy-science
locke-political,locke-political
logic-action,logic-action
logic-algebraic-propositional,logic-algebraic-propositional
logic-ancient,logic-ancient
logic-ai,logic-ai
logic-belief-revision,logic-belief-revision
logic-classical,logic-classical
logic-combinatory,logic-combinatory
logic-combining,logic-combining
logic-conditionals,logic-conditionals
logic-connexive,logic-connexive
logic-deontic,logic-deontic
logic-dependence,logic-dependence
logic-dialogical,logic-dialogical
dynamic-epistemic,dynamic-epistemic
logic-epistemic,logic-epistemic
logic-free,logic-free
logic-fuzzy,logic-fuzzy
logic-games,logic-games
logic-hybrid,logic-hybrid
logic-india,logic-india
logic-if,logic-if
logic-inductive,logic-inductive
logic-infinitary,logic-infinitary
logic-informal,logic-informal
logic-information,logic-information
logic-intensional,logic-intensional
logic-intuitionistic,logic-intuitionistic
logic-justification,logic-justification
logic-linear,logic-linear
logic-manyvalued,logic-manyvalued
logic-massexpress,logic-massexpress
logic-modal,logic-modal
logic-nonmonotonic,logic-nonmonotonic
logic-paraconsistent,logic-paraconsistent
logic-probability,logic-probability
logic-dynamic,logic-dynamic
logic-provability,logic-provability
logic-relevance,logic-relevance
logic-higher-order,logic-higher-order
connectives-logic,connectives-logic
logic-substructural,logic-substructural
logic-temporal,logic-temporal
intuitionistic-logic-development,intuitionistic-logic-development
logic-modal-origins,logic-modal-origins
proof-theory-development,proof-theory-development
settheory-early,settheory-early
logic-normative,logic-normative
logical-atomism,logical-atomism
wittgenstein-atomism,wittgenstein-atomism
logical-consequence,logical-consequence
logic-algebraic-propositional,logic-algebraic-propositional
logical-constants,logical-constants
logical-construction,logical-construction
logical-empiricism,logical-empiricism
logical-form,logical-form
logical-pluralism,logical-pluralism
logical-truth,logical-truth
logic-ontology,logic-ontology
logicism,logicism
hermann-lotze,hermann-lotze
love,love
loyalty,loyalty
justice-bad-luck,justice-bad-luck
moral-luck,moral-luck
lucretius,lucretius
lukacs,lukacs
lukasiewicz,lukasiewicz
lvov-warsaw,lvov-warsaw
lying-definition,lying-definition
catharine-macaulay,catharine-macaulay
ernst-mach,ernst-mach
machiavelli,machiavelli
madhyamaka,madhyamaka
maimon,maimon
maimonides,maimonides
maimonides-islamic,maimonides-islamic
malebranche,malebranche
emotions-17th18th,emotions-17th18th
malebranche-ideas,malebranche-ideas
mally,mally
mally-deontic,mally-deontic
problem-of-many,problem-of-many
marcel,marcel
marcus-aurelius,marcus-aurelius
marcuse,marcuse
lucrezia-marinella,lucrezia-marinella
maritain,maritain
markets,markets
marriage,marriage
marsilius-inghen,marsilius-inghen
marty,marty
marx,marx
lady-masham,lady-masham
equivME,equivME
logic-massexpress,logic-massexpress
metaphysics-massexpress,metaphysics-massexpress
material-constitution,material-constitution
physicalism,physicalism
materialism-eliminative,materialism-eliminative
mathematical-style,mathematical-style
mathematics-constructive,mathematics-constructive
mathematics-explanation,mathematics-explanation
mathematics-inconsistent,mathematics-inconsistent
mathematics-nondeductive,mathematics-nondeductive
dedekind-foundations,dedekind-foundations
hilbert-program,hilbert-program
philosophy-mathematics,philosophy-mathematics
fictionalism-mathematics,fictionalism-mathematics
formalism-mathematics,formalism-mathematics
mathphil-indis,mathphil-indis
intuitionism,intuitionism
kant-mathematics,kant-mathematics
naturalism-mathematics,naturalism-mathematics
nominalism-mathematics,nominalism-mathematics
platonism-mathematics,platonism-mathematics
wittgenstein-mathematics,wittgenstein-mathematics
mctaggart,mctaggart
mead,mead
meaning-normativity,meaning-normativity
word-meaning,word-meaning
meaning,meaning
meaning-holism,meaning-holism
measurement-science,measurement-science
science-mechanisms,science-mechanisms
medicine,medicine
chinese-phil-medicine,chinese-phil-medicine
medieval-philosophy,medieval-philosophy
medieval-literary,medieval-literary
analogy-medieval,analogy-medieval
medieval-categories,medieval-categories
causation-medieval,causation-medieval
conscience-medieval,conscience-medieval
demonstration-medieval,demonstration-medieval
medieval-futcont,medieval-futcont
medieval-haecceity,medieval-haecceity
representation-medieval,representation-medieval
modality-medieval,modality-medieval
obligationes,obligationes
practical-reason-med,practical-reason-med
medieval-terms,medieval-terms
relations-medieval,relations-medieval
singular-terms-medieval,singular-terms-medieval
medieval-syllogism,medieval-syllogism
transcendentals-medieval,transcendentals-medieval
meinong,meinong
meister-eckhart,meister-eckhart
memory,memory
memory-episprob,memory-episprob
mencius,mencius
mendelssohn,mendelssohn
mental-causation,mental-causation
content-causal,content-causal
content-externalism,content-externalism
content-narrow,content-narrow
content-nonconceptual,content-nonconceptual
content-teleological,content-teleological
mental-illness,mental-illness
mental-imagery,mental-imagery
mental-representation,mental-representation
representation-medieval,representation-medieval
mereology,mereology
location-mereology,location-mereology
mereology-medieval,mereology-medieval
merleau-ponty,merleau-ponty
metaethics,metaethics
metaphor,metaphor
metaphysics,metaphysics
suarez,suarez
holism-social,holism-social
philosophy-mexico,philosophy-mexico
harriet-mill,harriet-mill
james-mill,james-mill
mill,mill
mill-moral-political,mill-moral-political
computational-mind,computational-mind
mind-indian-buddhism,mind-indian-buddhism
modularity-mind,modularity-mind
mind-identity,mind-identity
miracles,miracles
modality-epistemology,modality-epistemology
descartes-modal,descartes-modal
modality-epistemology,modality-epistemology
impossible-worlds,impossible-worlds
leibniz-modal,leibniz-modal
modality-medieval,modality-medieval
actualism,actualism
fictionalism-modal,fictionalism-modal
necessary-sufficient,necessary-sufficient
possible-objects,possible-objects
possible-worlds,possible-worlds
spinoza-modal,spinoza-modal
modality-varieties,modality-varieties
logic-modal,logic-modal
logic-modal-origins,logic-modal-origins
models-science,models-science
model-theory,model-theory
modeltheory-fo,modeltheory-fo
mohism,mohism
mohist-canons,mohist-canons
molecular-biology,molecular-biology
molyneux-problem,molyneux-problem
monism,monism
anomalous-monism,anomalous-monism
neutral-monism,neutral-monism
monotheism,monotheism
montaigne,montaigne
montesquieu,montesquieu
moore,moore
moore-moral,moore-moral
moral-anti-realism,moral-anti-realism
moral-character,moral-character
moral-cognitivism,moral-cognitivism
moral-dilemmas,moral-dilemmas
moral-epistemology,moral-epistemology
moral-epistemology-a-priori,moral-epistemology-a-priori
moral-particularism-generalism,moral-particularism-generalism
intuitionism-ethics,intuitionism-ethics
morality-biology,morality-biology
morality-definition,morality-definition
moral-luck,moral-luck
moral-motivation,moral-motivation
naturalism-moral,naturalism-moral
moral-non-naturalism,moral-non-naturalism
moral-particularism,moral-particularism
moral-particularism-generalism,moral-particularism-generalism
moral-psych-emp,moral-psych-emp
moral-realism,moral-realism
reasoning-moral,reasoning-moral
moral-relativism,moral-relativism
moral-responsibility,moral-responsibility
moral-sentimentalism,moral-sentimentalism
skepticism-moral,skepticism-moral
moral-animal,moral-animal
grounds-moral-status,grounds-moral-status
henry-more,henry-more
thomas-more,thomas-more
moral-motivation,moral-motivation
mulla-sadra,mulla-sadra
multiculturalism,multiculturalism
multiple-realizability,multiple-realizability
music,music
mysticism,mysticism
plato-myths,plato-myths
nagarjuna,nagarjuna
names,names
nationalism,nationalism
natorp,natorp
naturalism,naturalism
epistemology-naturalized,epistemology-naturalized
lawphil-naturalism,lawphil-naturalism
naturalism-mathematics,naturalism-mathematics
naturalism-moral,naturalism-moral
natural-kinds,natural-kinds
natural-law-ethics,natural-law-ethics
natphil-ren,natphil-ren
natural-selection,natural-selection
selection-units,selection-units
lawphil-nature,lawphil-nature
law-interpretivist,law-interpretivist
legal-positivism,legal-positivism
natural-law-theories,natural-law-theories
lawphil-theory,lawphil-theory
early-modern-india,early-modern-india
necessary-sufficient,necessary-sufficient
god-necessary-being,god-necessary-being
negation,negation
negritude,negritude
neo-daoism,neo-daoism
neoplatonism,neoplatonism
neurath,neurath
neuroethics,neuroethics
neuroscience,neuroscience
neutral-monism,neutral-monism
newton,newton
newton-principia,newton-principia
newton-philosophy,newton-philosophy
newton-stm,newton-stm
autrecourt,autrecourt
cusanus,cusanus
nietzsche,nietzsche
nietzsche-life-works,nietzsche-life-works
nietzsche-moral-political,nietzsche-moral-political
nishida-kitaro,nishida-kitaro
husserl,husserl
nominalism-metaphysics,nominalism-metaphysics
nominalism-mathematics,nominalism-mathematics
moral-non-naturalism,moral-non-naturalism
content-nonconceptual,content-nonconceptual
nonexistent-objects,nonexistent-objects
nonidentity-problem,nonidentity-problem
social-norms,social-norms
john-norris,john-norris
nothingness,nothingness
novalis,novalis
nozick-political,nozick-political
numenius,numenius
oakeshott,oakeshott
object,object
scientific-objectivity,scientific-objectivity
legal-obligation,legal-obligation
obligationes,obligationes
special-obligations,special-obligations
occasionalism,occasionalism
ockham,ockham
olivi,olivi
olympiodorus,olympiodorus
omnipotence,omnipotence
omnipresence,omnipresence
omniscience,omniscience
ontological-arguments,ontological-arguments
ontological-commitment,ontological-commitment
dependence-ontological,dependence-ontological
art-ontology-history,art-ontology-history
operationalism,operationalism
ordinary-objects,ordinary-objects
nicole-oresme,nicole-oresme
origen,origen
original-position,original-position
gasset,gasset
other-minds,other-minds
property,property
pacifism,pacifism
pain,pain
paine,paine
panentheism,panentheism
panpsychism,panpsychism
pantheism,pantheism
curry-paradox,curry-paradox
fitch-paradox,fitch-paradox
liar-paradox,liar-paradox
russell-paradox,russell-paradox
paradox-simpson,paradox-simpson
paradox-skolem,paradox-skolem
paradox-stpetersburg,paradox-stpetersburg
paradox-suspense,paradox-suspense
paradox-zeno,paradox-zeno
paradoxes-contemporary-logic,paradoxes-contemporary-logic
epistemic-paradoxes,epistemic-paradoxes
parenthood,parenthood
parmenides,parmenides
mereology,mereology
pascal,pascal
pascal-wager,pascal-wager
paternalism,paternalism
patriotism,patriotism
patrizi,patrizi
paul-venice,paul-venice
peirce-benjamin,peirce-benjamin
peirce,peirce
peirce-logic,peirce-logic
peirce-semiotics,peirce-semiotics
penbygull,penbygull
action-perception,action-perception
perception-auditory,perception-auditory
perception-contents,perception-contents
perception-disjunctive,perception-disjunctive
perception-episprob,perception-episprob
perception-justification,perception-justification
perception-problem,perception-problem
perfectionism-moral,perfectionism-moral
temporal-parts,temporal-parts
identity-personal,identity-personal
identity-ethics,identity-ethics
personalism,personalism
identity-personal,identity-personal
peter-spain,peter-spain
joane-petrizi,joane-petrizi
phenomenal-intentionality,phenomenal-intentionality
phenomenology,phenomenology
phenomenology-mg,phenomenology-mg
philip-chancellor,philip-chancellor
philodemus,philodemus
philolaus,philolaus
philo-larissa,philo-larissa
philoponus,philoponus
phil-science-latin-america,phil-science-latin-america
dialectical-school,dialectical-school
physicalism,physicalism
physics-experiment,physics-experiment
physics-holism,physics-holism
physics-interrelate,physics-interrelate
quantum-field-theory,quantum-field-theory
physics-Rpcc,physics-Rpcc
physics-structuralism,physics-structuralism
symmetry-breaking,symmetry-breaking
sophists,sophists
pico-della-mirandola,pico-della-mirandola
pineal-gland,pineal-gland
plato,plato
plato-aesthetics,plato-aesthetics
callicles-thrasymachus,callicles-thrasymachus
plato-cratylus,plato-cratylus
plato-ethics,plato-ethics
plato-ethics-politics,plato-ethics-politics
plato-friendship,plato-friendship
plato-sophstate,plato-sophstate
plato-metaphysics,plato-metaphysics
plato-myths,plato-myths
plato-theaetetus,plato-theaetetus
plato-utopia,plato-utopia
plato-parmenides,plato-parmenides
plato-rhetoric,plato-rhetoric
plato-ethics-shorter,plato-ethics-shorter
plato-timaeus,plato-timaeus
platonism,platonism
platonism-mathematics,platonism-mathematics
pleasure,pleasure
plotinus,plotinus
religious-pluralism,religious-pluralism
binarium,binarium
plural-quant,plural-quant
plutarch,plutarch
poincare,poincare
political-obligation,political-obligation
ancient-political,ancient-political
medieval-political,medieval-political
realism-intl-relations,realism-intl-relations
religion-politics,religion-politics
pomponazzi,pomponazzi
popper,popper
population-genetics,population-genetics
pornography-censorship,pornography-censorship
porphyry,porphyry
della-porta,della-porta
port-royal-logic,port-royal-logic
possible-objects,possible-objects
possible-worlds,possible-worlds
postmodernism,postmodernism
francois-barre,francois-barre
innateness-language,innateness-language
practical-reason,practical-reason
practical-reason-med,practical-reason-med
practical-reason-action,practical-reason-action
pragmatic-belief-god,pragmatic-belief-god
pragmatics,pragmatics
defaults-semantics-pragmatics,defaults-semantics-pragmatics
pragmatism,pragmatism
petitionary-prayer,petitionary-prayer
logic-classical,logic-classical
preferences,preferences
epigenesis,epigenesis
ethics-pregnancy,ethics-pregnancy
eugenics,eugenics
presocratics,presocratics
presupposition,presupposition
prichard,prichard
principia-mathematica,principia-mathematica
pm-notation,pm-notation
sufficient-reason,sufficient-reason
prior,prior
prisoner-dilemma,prisoner-dilemma
privacy,privacy
it-privacy,it-privacy
privacy-medicine,privacy-medicine
private-language,private-language
imprecise-probabilities,imprecise-probabilities
imprecise-probabilities,imprecise-probabilities
probability-medieval-renaissance,probability-medieval-renaissance
probability-interpret,probability-interpret
logic-probability,logic-probability
rule-of-law,rule-of-law
process-philosophy,process-philosophy
process-theism,process-theism
proclus,proclus
parenthood,parenthood
sophists,sophists
progress,progress
promises,promises
proof-theory-development,proof-theory-development
properties,properties
properties-emergent,properties-emergent
essential-accidental,essential-accidental
intellectual-property,intellectual-property
property,property
prophecy,prophecy
prop-attitude-reports,prop-attitude-reports
propositional-function,propositional-function
propositions,propositions
propositions-singular,propositions-singular
propositions-structured,propositions-structured
providence-divine,providence-divine
pseudo-dionysius-areopagite,pseudo-dionysius-areopagite
pseudo-science,pseudo-science
ancient-soul,ancient-soul
psychiatry,psychiatry
psychologism,psychologism
evolutionary-psychology,evolutionary-psychology
publichealth-ethics,publichealth-ethics
publicity,publicity
public-reason,public-reason
pufendorf-moral,pufendorf-moral
punishment,punishment
legal-punishment,legal-punishment
pyrrho,pyrrho
skepticism-ancient,skepticism-ancient
pythagoras,pythagoras
pythagoreanism,pythagoreanism
qualia,qualia
qualia-inverted,qualia-inverted
qualia-knowledge,qualia-knowledge
tropes,tropes
quantification,quantification
qm,qm
qm-action-distance,qm-action-distance
bell-theorem,bell-theorem
qm-bohm,qm-bohm
qm-collapse,qm-collapse
qm-consistent-histories,qm-consistent-histories
qm-copenhagen,qm-copenhagen
qm-everett,qm-everett
kochen-specker,kochen-specker
qm-manyworlds,qm-manyworlds
qm-modal,qm-modal
qm-relational,qm-relational
qm-decoherence,qm-decoherence
quantum-bayesian,quantum-bayesian
qt-consciousness,qt-consciousness
qt-epr,qt-epr
qt-idind,qt-idind
qt-issues,qt-issues
qt-issues,qt-issues
qt-quantcomp,qt-quantcomp
qt-entangle,qt-entangle
quantum-field-theory,quantum-field-theory
quantum-gravity,quantum-gravity
qt-quantlog,qt-quantlog
qt-uncertainty,qt-uncertainty
qt-nvd,qt-nvd
questions,questions
quine,quine
quine-nf,quine-nf
quotation,quotation
race,race
scottish-18th,scottish-18th
ramus,ramus
ayn-rand,ayn-rand
chance-randomness,chance-randomness
rationality-normative-utility,rationality-normative-utility
rationalism-empiricism,rationalism-empiricism
epistemology-bayesian,epistemology-bayesian
epistemic-game,epistemic-game
rationality-historicist,rationality-historicist
rationality-instrumental,rationality-instrumental
rawls,rawls
realism,realism
realism-sem-challenge,realism-sem-challenge
moral-realism,moral-realism
realism-intl-relations,realism-intl-relations
scientific-realism,scientific-realism
structural-realism,structural-realism
reasoning-automated,reasoning-automated
reasoning-analogy,reasoning-analogy
reasoning-defeasible,reasoning-defeasible
reasoning-moral,reasoning-moral
reasons-agent,reasons-agent
reasons-internal-external,reasons-internal-external
reasons-just-vs-expl,reasons-just-vs-expl
recognition,recognition
reconciliation,reconciliation
recursive-functions,recursive-functions
redistribution,redistribution
scientific-reduction,scientific-reduction
reduction-biology,reduction-biology
physics-interrelate,physics-interrelate
reference,reference
reflective-equilibrium,reflective-equilibrium
henricus-regius,henricus-regius
august-rehberg,august-rehberg
reichenbach,reichenbach
reid,reid
reid-ethics,reid-ethics
reid-memory-identity,reid-memory-identity
reinach,reinach
karl-reinhold,karl-reinhold
reism,reism
relations,relations
properties,properties
relations-medieval,relations-medieval
relativism,relativism
moral-relativism,moral-relativism
tropes,tropes
reliabilism,reliabilism
religion-epistemology,religion-epistemology
feminist-religion,feminist-religion
religion-morality,religion-morality
philosophy-religion,philosophy-religion
religion-science,religion-science
natural-theology,natural-theology
phenomenology-religion,phenomenology-religion
religion-politics,religion-politics
religious-pluralism,religious-pluralism
religious-experience,religious-experience
black-reparations,black-reparations
replication,replication
political-representation,political-representation
scientific-representation,scientific-representation
republicanism,republicanism
repugnant-conclusion,repugnant-conclusion
respect,respect
collective-responsibility,collective-responsibility
justice-retributive,justice-retributive
richard-sophister,richard-sophister
heinrich-rickert,heinrich-rickert
ricoeur,ricoeur
rights,rights
rights-children,rights-children
civil-rights,civil-rights
rights-group,rights-group
rights-human,rights-human
legal-rights,legal-rights
rigid-designators,rigid-designators
risk,risk
special-obligations,special-obligations
rorty,rorty
rosenstock-huessy,rosenstock-huessy
rosenzweig,rosenzweig
antonio-rosmini,antonio-rosmini
william-david-ross,william-david-ross
rousseau,rousseau
royce,royce
richard-sophister,richard-sophister
consequentialism-rule,consequentialism-rule
rule-of-law,rule-of-law
russell,russell
logical-atomism,logical-atomism
russell-moral,russell-moral
russell-paradox,russell-paradox
ryle,ryle
saadya,saadya
saantarak-sita,saantarak-sita
shantideva,shantideva
organs-sale,organs-sale
santayana,santayana
sartre,sartre
skepticism,skepticism
scheler,scheler
schelling,schelling
schema,schema
schlegel-aw,schlegel-aw
schlegel,schlegel
schleiermacher,schleiermacher
schlick,schlick
schmitt,schmitt
scholem,scholem
school-names,school-names
schopenhauer,schopenhauer
schopenhauer-aesthetics,schopenhauer-aesthetics
schutz,schutz
models-science,models-science
pseudo-science,pseudo-science
science-theory-observation,science-theory-observation
scientific-unity,scientific-unity
scientific-discovery,scientific-discovery
scientific-explanation,scientific-explanation
scientific-knowledge-social,scientific-knowledge-social
scientific-method,scientific-method
scientific-objectivity,scientific-objectivity
scientific-progress,scientific-progress
scientific-realism,scientific-realism
scientific-representation,scientific-representation
scientific-revolutions,scientific-revolutions
incommensurability,incommensurability
structure-scientific-theories,structure-scientific-theories
scientific-underdetermination,scientific-underdetermination
scottish-18th,scottish-18th
scottish-19th,scottish-19th
scottus-eriugena,scottus-eriugena
duns-scotus,duns-scotus
madeleine-scudery,madeleine-scudery
ethics-search,ethics-search
montaigne,montaigne
secession,secession
feminism-self,feminism-self
self-knowledge,self-knowledge
self-consciousness-phenomenological,self-consciousness-phenomenological
self-deception,self-deception
self-knowledge,self-knowledge
self-knowledge-externalism,self-knowledge-externalism
self-reference,self-reference
respect,respect
sellars,sellars
meaning-holism,meaning-holism
defaults-semantics-pragmatics,defaults-semantics-pragmatics
dynamic-semantics,dynamic-semantics
montague-semantics,montague-semantics
proof-theoretic-semantics,proof-theoretic-semantics
two-dimensional-semantics,two-dimensional-semantics
semiotics-medieval,semiotics-medieval
seneca,seneca
sense-data,sense-data
fitting-attitude-theories,fitting-attitude-theories
moral-sentimentalism,moral-sentimentalism
set-theory,set-theory
settheory-alternative,settheory-alternative
set-theory-constructive,set-theory-constructive
continuum-hypothesis,continuum-hypothesis
settheory-early,settheory-early
independence-large-cardinals,independence-large-cardinals
large-cardinals-determinacy,large-cardinals-determinacy
nonwellfounded-set-theory,nonwellfounded-set-theory
zermelo-set-theory,zermelo-set-theory
sextus-empiricus,sextus-empiricus
shaftesbury,shaftesbury
emotions-17th18th,emotions-17th18th
sharpe,sharpe
sidgwick,sidgwick
simon-faversham,simon-faversham
simplicity,simplicity
divine-simplicity,divine-simplicity
paradox-simpson,paradox-simpson
simulations-science,simulations-science
singular-terms-medieval,singular-terms-medieval
situations-semantics,situations-semantics
skeptical-theism,skeptical-theism
skepticism,skepticism
skepticism-ancient,skepticism-ancient
skepticism-content-externalism,skepticism-content-externalism
skepticism-latin-america,skepticism-latin-america
skepticism-medieval,skepticism-medieval
skepticism-moral,skepticism-moral
paradox-skolem,paradox-skolem
scottish-18th,scottish-18th
smith-moral-political,smith-moral-political
cambridge-platonists,cambridge-platonists
social-choice,social-choice
social-construction-naturalistic,social-construction-naturalistic
contractarianism,contractarianism
contractarianism-contemporary,contractarianism-contemporary
epistemology-social,epistemology-social
social-institutions,social-institutions
social-minimum,social-minimum
ethics-social-networking,ethics-social-networking
social-norms,social-norms
social-procedures,social-procedures
sociobiology,sociobiology
socrates,socrates
sophismata,sophismata
sophists,sophists
sorites-paradox,sorites-paradox
sortals,sortals
ancient-soul,ancient-soul
sounds,sounds
sovereignty,sovereignty
spacetime-theories,spacetime-theories
spacetime-bebecome,spacetime-bebecome
spacetime-convensimul,spacetime-convensimul
spacetime-holearg,spacetime-holearg
spacetime-iframes,spacetime-iframes
spacetime-singularities,spacetime-singularities
spacetime-supertasks,spacetime-supertasks
species,species
speech-acts,speech-acts
spencer,spencer
speusippus,speusippus
spinoza,spinoza
spinoza-modal,spinoza-modal
spinoza-physics,spinoza-physics
spinoza-political,spinoza-political
spinoza-psychological,spinoza-psychological
spinoza-attributes,spinoza-attributes
emotions-17th18th,emotions-17th18th
square,square
paradox-stpetersburg,paradox-stpetersburg
states-of-affairs,states-of-affairs
statphys-Boltzmann,statphys-Boltzmann
statphys-statmech,statphys-statmech
statistics,statistics
stem-cells,stem-cells
cambridge-platonists,cambridge-platonists
stevenson,stevenson
scottish-18th,scottish-18th
max-stirner,max-stirner
stoicism,stoicism
strauss-leo,strauss-leo
strawson,strawson
physics-structuralism,physics-structuralism
structural-realism,structural-realism
stumpf,stumpf
mathematical-style,mathematical-style
suarez,suarez
substance,substance
logic-substructural,logic-substructural
suhrawardi,suhrawardi
suicide,suicide
supererogation,supererogation
supervenience,supervenience
supervenience-ethics,supervenience-ethics
advance-directives,advance-directives
paradox-suspense,paradox-suspense
medieval-syllogism,medieval-syllogism
symmetry-breaking,symmetry-breaking
analytic-synthetic,analytic-synthetic
syrianus,syrianus
daoism,daoism
tarski,tarski
tarski-truth,tarski-truth
taurellus,taurellus
episteme-techne,episteme-techne
technology,technology
teleological-arguments,teleological-arguments
teleology-biology,teleology-biology
content-teleological,content-teleological
telesio,telesio
consciousness-temporal,consciousness-temporal
temporal-parts,temporal-parts
tense-aspect,tense-aspect
medieval-terms,medieval-terms
terrorism,terrorism
testimony-episprob,testimony-episprob
atheism-agnosticism,atheism-agnosticism
monotheism,monotheism
panentheism,panentheism
pantheism,pantheism
process-theism,process-theism
skeptical-theism,skeptical-theism
natural-theology,natural-theology
theology-aristotle,theology-aristotle
theophrastus,theophrastus
theoretical-terms-science,theoretical-terms-science
thick-ethical-concepts,thick-ethical-concepts
erfurt,erfurt
thoreau,thoreau
associationist-thought,associationist-thought
thought-experiment,thought-experiment
callicles-thrasymachus,callicles-thrasymachus
tibbon,tibbon
epistemology-language-tibetan,epistemology-language-tibetan
time,time
spacetime-bebecome,spacetime-bebecome
time-experience,time-experience
time-thermo,time-thermo
time-machine,time-machine
time-travel,time-travel
time-travel-phys,time-travel-phys
timon-phlius,timon-phlius
toleration,toleration
tort-theories,tort-theories
torture,torture
touch,touch
transcendental-arguments,transcendental-arguments
kant-transcendental,kant-transcendental
transcendentalism,transcendentalism
transcendentals-medieval,transcendentals-medieval
feminism-trans,feminism-trans
transmission-justification-warrant,transmission-justification-warrant
identity-transworld,identity-transworld
trinity,trinity
tropes,tropes
trust,trust
truth,truth
truth-axiomatic,truth-axiomatic
truth-coherence,truth-coherence
truth-correspondence,truth-correspondence
truth-deflationary,truth-deflationary
truth-identity,truth-identity
truth-pluralist,truth-pluralist
truth-revision,truth-revision
tarski-truth,tarski-truth
truthlikeness,truthlikeness
truthmakers,truthmakers
truth-values,truth-values
tsongkhapa,tsongkhapa
turing,turing
turing-machine,turing-machine
turing-test,turing-test
scottish-18th,scottish-18th
twardowski,twardowski
twotruths-india,twotruths-india
twotruths-tibet,twotruths-tibet
types-tokens,types-tokens
type-theory,type-theory
type-theory-church,type-theory-church
type-theory-intuitionistic,type-theory-intuitionistic
type-theory-intuitionistic,type-theory-intuitionistic
umar-khayyam,umar-khayyam
qt-uncertainty,qt-uncertainty
scientific-underdetermination,scientific-underdetermination
selection-units,selection-units
scientific-unity,scientific-unity
binarium,binarium
properties,properties
universals-medieval,universals-medieval
consequentialism,consequentialism
utilitarianism-history,utilitarianism-history
consequentialism-rule,consequentialism-rule
vagueness,vagueness
problem-of-many,problem-of-many
logical-truth,logical-truth
lorenzo-valla,lorenzo-valla
value-incommensurable,value-incommensurable
value-intrinsic-extrinsic,value-intrinsic-extrinsic
knowledge-value,knowledge-value
value-pluralism,value-pluralism
value-theory,value-theory
vasubandhu,vasubandhu
original-position,original-position
intensional-trans-verbs,intensional-trans-verbs
truthlikeness,truthlikeness
vico,vico
vienna-circle,vienna-circle
ethics-ancient,ethics-ancient
ethics-virtue,ethics-virtue
epistemology-visual-thinking,epistemology-visual-thinking
james-viterbo,james-viterbo
vives,vives
freewill,freewill
voltaire,voltaire
voluntarism-theological,voluntarism-theological
voting,voting
voting-methods,voting-methods
wang-yangming,wang-yangming
war,war
james-ward,james-ward
transmission-justification-warrant,transmission-justification-warrant
watsuji-tetsuro,watsuji-tetsuro
weakness-will,weakness-will
weber,weber
well-being,well-being
weyl,weyl
whewell,whewell
cambridge-platonists,cambridge-platonists
whitehead,whitehead
william-auvergne,william-auvergne
william-champeaux,william-champeaux
ockham,ockham
william-sherwood,william-sherwood
williams-bernard,williams-bernard
williams-dc,williams-dc
wilson,wilson
wisdom,wisdom
wittgenstein,wittgenstein
wittgenstein-aesthetics,wittgenstein-aesthetics
wittgenstein-atomism,wittgenstein-atomism
wittgenstein-mathematics,wittgenstein-mathematics
wodeham,wodeham
wolff-christian,wolff-christian
wollstonecraft,wollstonecraft
word-meaning,word-meaning
world-government,world-government
impossible-worlds,impossible-worlds
possible-worlds,possible-worlds
wright,wright
wilhelm-wundt,wilhelm-wundt
wyclif,wyclif
wyclif-political,wyclif-political
xenocrates,xenocrates
xenophanes,xenophanes
xunzi,xunzi
yorck,yorck
zabarella,zabarella
zeno-elea,zeno-elea
paradox-zeno,paradox-zeno
zermelo-set-theory,zermelo-set-theory
zhuangzi,zhuangzi
zhu-xi,zhu-xi
zombies,zombies
